<?xml version="1.0" encoding="UTF-8" standalone="yes"?>
<addon id="plugin.program.Skodi" version="0.0.1" name="[COLOR lime]Skodi[/COLOR]" provider-name="CoKodico">
	<requires>
        <import addon="script.module.requests" />
	</requires>
    <extension point="xbmc.python.pluginsource" library="default.py">
        <provides>executable</provides>
    </extension>
    <extension point="xbmc.addon.metadata">
        <summary lang="en">[COLOR aqua]Skin kodi[/COLOR]</summary>
        <description lang="en">[COLOR orange]Packages de Skin kodi pour U2Pplay...[/COLOR]</description>
        <disclaimer lang="en">[COLOR red]En cas de bugs, propositions d'améliorations ou ajout de contenus, contactez-nous sur Discord.[/COLOR]</disclaimer>
        <language>fr</language>
        <platform>all</platform>
        <forum></forum>
        <website></website>
        <source></source>
    <news>
    </news>		
        <assets>
            <icon>icon.png</icon>
            <fanart>fanart.jpg</fanart>
        </assets>		
    </extension>
</addon>
