<?xml version="1.0" encoding="UTF-8" standalone="yes"?>
<addon id="plugin.video.sendtokodiU2P" name="[COLOR red]U2Pplay BETA[/COLOR]" version="0.9.9~beta5" provider-name="noway">
  <requires>
    <trycatch>
      <try>
          <import addon="xbmc.python" version="3.0.0"/>
      </try>
      <catch>
          <import addon="xbmc.python" version="2.25.0"/>
      </catch>
        </trycatch>
    <import addon="script.module.requests" version="2.12.4"/>
    <import addon="script.module.pyxbmct" />
  </requires>
  <extension point="xbmc.python.pluginsource" library="service.py" >
  <provides>video</provides>
	</extension>
  <extension point="kodi.context.item">
        <menu id="kodi.core.main">
            <item library="menucontext/play.py">
                <label>[COLOR yellow]Lecture[/COLOR]</label>
                <visible>String.IsEqual(ListItem.Property(widgetmovie),true)</visible>
            </item>
            <item library="menucontext/vus.py">
                <label>[COLOR yellow]Gestions  Vus/Non-Vus[/COLOR]</label>
                <visible>String.IsEqual(ListItem.Property(widgetEpisodes),true)</visible>
            </item>
            <item library="menucontext/ba.py">
                <label>[COLOR yellow]Bande Annonce[/COLOR]</label>
                <visible>String.IsEqual(ListItem.Property(widget),true)</visible>
            </item>
            <item library="menucontext/gestion.py">
                <label>[COLOR yellow]Gestion[/COLOR]</label>
                <visible>String.IsEqual(ListItem.Property(widget),true)</visible>
            </item>
            <item library="menucontext/search.py">
                <label>[COLOR yellow]Recherche[/COLOR]</label>
                <visible>String.IsEqual(ListItem.Property(widget),true)</visible>
            </item>
            <item library="menucontext/profil.py">
                <label>[COLOR yellow]Choix Profil[/COLOR]</label>
                <visible>String.IsEqual(ListItem.Property(widget),true)</visible>
            </item>
            <item library="menucontext/rls.py">
                <label>[COLOR yellow]Reload Skin[/COLOR]</label>
                <visible>String.IsEqual(ListItem.Property(widget),true)</visible>
            </item>
             <item library="menucontext/refresh.py">
                <label>[COLOR yellow]Refresh[/COLOR]</label>
                <visible>String.IsEqual(ListItem.Property(widget),true)</visible>
            </item>
        </menu>
    </extension>
  <extension point="xbmc.addon.metadata">
    <summary lang="en">U2Pplay BETA</summary>
    <description lang="en">BETA U2Pplay permet d'avoir version en Test d'U2Pplay pour streamer films et series via Kodi. Necessite un compte premium Uptobox ou Alldebrid</description>
    <disclaimer lang="en"></disclaimer>
    <platform>all</platform>
    <license>MIT License</license>
    <website></website>
    <email></email>
    <source></source>
    <assets>
      <icon>icon.png</icon>
      <fanart>fanart.jpg</fanart>
	  <screenshot>screenshot-01.jpg</screenshot>
      <screenshot>screenshot-02.jpg</screenshot>
    </assets>
  </extension>
</addon>