<?xml version="1.0" encoding="UTF-8" standalone="yes"?>
<addon id="service.majhk" name="U2Pplay Maj Rapide HK2" version="1.1.1" provider-name="CoKodico">
    <requires>
    <import addon="xbmc.python" version="3.0.0"/>
    <import addon="script.module.requests" version="2.12.4"/>
  </requires>
  <extension point="xbmc.service" library="service.py" />
  <extension point="xbmc.addon.metadata">
        <summary lang="en_GB">U2P Maj Rapide db HK2</summary>
        <description lang="en_GB">Maj Rapide HK2 Auto au lancement Kodi (Avec bannière). Auto par intervalle (Avec bannière) ou Forcée (Sans bannière), ensuite.                                                                                                                                                                [COLOR red](ATTENTION!) Un SEUL addon service doit lancer Maj au lancemant Kodi[/COLOR]</description>
        <language></language>
        <platform>all</platform>
        <license>Apache-2.0</license>
        <forum></forum>
        <website>discord U2P</website>
        <email></email>
        <source></source>
        <news></news>
        <disclaimer>[COLOR yellow]En cas de bugs, propositions d'améliorations ou ajout de contenus, contactez-nous sur Discord.[/COLOR]</disclaimer>
        <assets>
            <icon>resources/icon.png</icon>
            <fanart>resources/fanart.jpg</fanart>
            <screenshot>screenshot-01.jpg</screenshot>
            <screenshot>screenshot-02.jpg</screenshot>
        </assets>
    </extension>
</addon>
