<?xml version="1.0" encoding="UTF-8" standalone="yes"?>
<addon id="plugin.program.Skodi" version="0.1.1~beta6" name="[COLOR limegreen]Skodi[/COLOR]" provider-name="CoKodico">
	<requires>
        <import addon="script.module.requests" />
	</requires>
    <extension point="xbmc.python.pluginsource" library="default.py">
        <provides>executable</provides>
    </extension>
    <extension point="xbmc.addon.metadata">
        <summary lang="en">[COLOR green]Skodi[/COLOR]</summary>
        <description lang="en">[COLOR orange]Packages de Skin kodi pour U2Pplay...[/COLOR] Version="0.1.1~beta4"= Ajout Menu Bedo et son skin Titan Bingie, Menu Bazogueur Tobal et son skin Arctic: Zephyr - Reloaded</description>
        <disclaimer lang="en">[COLOR red]En cas de bugs, propositions d'améliorations ou ajout de contenus, contactez-nous sur Discord.[/COLOR]</disclaimer>
        <language>fr</language>
        <platform>all</platform>
        <forum></forum>
        <website></website>
        <source></source>
    <news>
        </news>
    <assets>
        <icon>resources/icon.png</icon>
        <fanart>resources/fanart.jpg</fanart>
        <banner>resources/banner.jpg</banner>
        <clearlogo>resources/clearlogo.png</clearlogo>
        <screenshot>resources/screenshot-01.jpg</screenshot>
        <screenshot>resources/screenshot-02.jpg</screenshot>
        <screenshot>resources/screenshot-03.jpg</screenshot>
        <screenshot>resources/screenshot-04.jpg</screenshot>
        <screenshot>resources/screenshot-05.jpg</screenshot>
        <screenshot>resources/screenshot-06.jpg</screenshot>
        <screenshot>resources/screenshot-07.jpg</screenshot>
        <screenshot>resources/screenshot-08.jpg</screenshot>
        <screenshot>resources/screenshot-09.jpg</screenshot>
        <screenshot>resources/screenshot-10.jpg</screenshot>
    </assets>		
    </extension>
</addon>
